2000-01-01,1,yogurt
2000-01-01,1,pork
2000-01-01,1,sandwich bags
2000-01-01,1,lunch meat
2000-01-01,1,all- purpose
2000-01-01,1,flour
2000-01-01,1,soda
2000-01-01,1,butter
2000-01-01,1,vegetables
2000-01-01,1,beef
2000-01-01,1,aluminum foil
2000-01-01,1,all- purpose
2000-01-01,1,dinner rolls
2000-01-01,1,shampoo
2000-01-01,1,all- purpose
2000-01-01,1,mixes
2000-01-01,1,soap
2000-01-01,1,laundry detergent
2000-01-01,1,ice cream
2000-01-01,1,dinner rolls
2000-01-01,2,toilet paper
2000-01-01,2,shampoo
2000-01-01,2,hand soap
2000-01-01,2,waffles
2000-01-01,2,vegetables
2000-01-01,2,cheeses
2000-01-01,2,mixes
2000-01-01,2,milk
2000-01-01,2,sandwich bags
2000-01-01,2,laundry detergent
2000-01-01,2,dishwashing liquid/detergent
2000-01-01,2,waffles
2000-01-01,2,individual meals
2000-01-01,2,hand soap
2000-01-01,2,vegetables
2000-01-01,2,individual meals
2000-01-01,2,yogurt
2000-01-01,2,cereals
2000-01-01,2,shampoo
2000-01-01,2,vegetables
2000-01-01,2,aluminum foil
2000-01-01,2,tortillas
2000-01-01,2,mixes
2000-01-02,3,soda
2000-01-02,3,pork
2000-01-02,3,soap
2000-01-02,3,ice cream
2000-01-02,3,toilet paper
2000-01-02,3,dinner rolls
2000-01-02,3,hand soap
2000-01-02,3,spaghetti sauce
2000-01-02,3,milk
2000-01-02,3,ketchup
2000-01-02,3,sandwich loaves
2000-01-02,3,poultry
2000-01-02,3,toilet paper
2000-01-02,3,ice cream
2000-01-02,3,ketchup
2000-01-02,3,vegetables
2000-01-02,3,laundry detergent
2000-01-02,3,spaghetti sauce
2000-01-02,3,bagels
2000-01-02,3,soap
2000-01-02,3,ice cream
2000-01-02,3,shampoo
2000-01-02,3,lunch meat
2000-01-02,3,cereals
2000-01-02,3,spaghetti sauce
2000-01-02,3,pork
2000-01-02,3,vegetables
2000-01-02,3,cheeses
2000-01-02,3,eggs
2000-01-02,3,vegetables
2000-01-02,3,vegetables
2000-01-02,4,cereals
2000-01-02,4,juice
2000-01-02,4,lunch meat
2000-01-02,4,soda
2000-01-02,4,toilet paper
2000-01-02,4,all- purpose
2000-01-02,5,sandwich loaves
2000-01-02,5,pasta
2000-01-02,5,tortillas
2000-01-02,5,mixes
2000-01-02,5,hand soap
2000-01-02,5,toilet paper
2000-01-02,5,vegetables
2000-01-02,5,vegetables
2000-01-02,5,paper towels
2000-01-02,5,vegetables
2000-01-02,5,flour
2000-01-02,5,vegetables
2000-01-02,5,pork
2000-01-02,5,poultry
2000-01-02,5,eggs
2000-01-02,5,vegetables
2000-01-02,5,pork
2000-01-02,5,spaghetti sauce
2000-01-02,5,vegetables
2000-01-02,5,milk
2000-01-02,5,waffles
2000-01-02,5,individual meals
2000-01-02,5,vegetables
2000-01-02,5,dinner rolls
2000-01-02,5,all- purpose
2000-01-02,5,soda
2000-01-02,5,yogurt
2000-01-02,6,laundry detergent
2000-01-02,6,toilet paper
2000-01-02,6,eggs
2000-01-02,6,toilet paper
2000-01-02,6,vegetables
2000-01-02,6,bagels
2000-01-02,6,dishwashing liquid/detergent
2000-01-02,6,cereals
2000-01-02,6,paper towels
2000-01-02,6,laundry detergent
2000-01-02,6,butter
2000-01-02,6,cereals
2000-01-02,6,bagels
2000-01-02,6,paper towels
2000-01-02,6,shampoo
2000-01-02,6,toilet paper
2000-01-02,6,soap
2000-01-02,6,soap
2000-01-02,6,pasta
2000-01-02,6,coffee/tea
2000-01-02,6,poultry
2000-01-02,6,bagels
2000-01-02,6,aluminum foil
2000-01-02,6,butter
2000-01-02,6,spaghetti sauce
2000-01-02,6,ketchup
2000-01-02,6,all- purpose
2000-01-02,6,milk
2000-01-03,7,individual meals
2000-01-03,7,paper towels
2000-01-03,7,tortillas
2000-01-03,7,vegetables
2000-01-03,7,milk
2000-01-03,7,ice cream
2000-01-03,7,juice
2000-01-03,7,dishwashing liquid/detergent
2000-01-03,7,soap
2000-01-03,7,sandwich bags
2000-01-03,7,pasta
2000-01-03,7,ketchup
2000-01-03,7,all- purpose
2000-01-03,7,yogurt
2000-01-03,7,mixes
2000-01-03,7,mixes
2000-01-03,7,toilet paper
2000-01-03,7,vegetables
2000-01-03,7,beef
2000-01-03,7,sandwich bags
2000-01-03,7,eggs
2000-01-03,7,spaghetti sauce
2000-01-03,7,fruits
2000-01-03,7,toilet paper
2000-01-04,8,ice cream
2000-01-04,8,juice
2000-01-04,8,paper towels
2000-01-04,8,waffles
2000-01-04,8,soda
2000-01-04,8,cheeses
2000-01-04,8,poultry
2000-01-04,8,toilet paper
2000-01-04,8,vegetables
2000-01-04,9,juice
2000-01-04,9,poultry
2000-01-04,9,coffee/tea
2000-01-04,9,coffee/tea
2000-01-04,9,dishwashing liquid/detergent
2000-01-05,10,ketchup
2000-01-05,10,coffee/tea
2000-01-05,10,toilet paper
2000-01-05,10,pork
2000-01-05,10,flour
2000-01-05,10,milk
2000-01-05,10,soda
2000-01-05,10,dishwashing liquid/detergent
2000-01-05,10,eggs
2000-01-05,10,tortillas
2000-01-05,10,tortillas
2000-01-05,10,vegetables
2000-01-05,10,fruits
2000-01-05,10,sugar
2000-01-05,10,soap
2000-01-05,10,dishwashing liquid/detergent
2000-01-05,10,juice
2000-01-05,10,sandwich loaves
2000-01-05,10,poultry
2000-01-05,10,eggs
2000-01-05,10,flour
2000-01-05,10,bagels
2000-01-05,10,soda
2000-01-05,10,bagels
2000-01-05,10,soda
2000-01-05,10,beef
2000-01-05,10,coffee/tea
2000-01-05,10,dishwashing liquid/detergent
2000-01-05,10,cheeses
2000-01-05,10,beef
2000-01-05,10,soap
2000-01-05,10,lunch meat
2000-01-05,10,pork
2000-01-05,10,waffles
2000-01-05,11,sandwich loaves
2000-01-05,11,ice cream
2000-01-05,11,soda
2000-01-05,11,bagels
2000-01-05,11,dishwashing liquid/detergent
2000-01-05,11,eggs
2000-01-05,11,sugar
2000-01-05,11,waffles
2000-01-05,11,individual meals
2000-01-05,11,toilet paper
2000-01-05,11,pasta
2000-01-05,11,sandwich loaves
2000-01-05,11,cheeses
2000-01-05,11,vegetables
2000-01-05,11,hand soap
2000-01-05,11,vegetables
2000-01-05,11,vegetables
2000-01-05,11,ketchup
2000-01-05,11,poultry
2000-01-05,11,dinner rolls
2000-01-05,11,dishwashing liquid/detergent
2000-01-05,11,coffee/tea
2000-01-05,11,milk
2000-01-05,11,shampoo
2000-01-05,11,ketchup
2000-01-05,11,sandwich loaves
2000-01-05,11,hand soap
2000-01-05,11,bagels
2000-01-05,11,flour
2000-01-05,11,vegetables
2000-01-05,11,pork
2000-01-06,12,pork
2000-01-06,12,tortillas
2000-01-06,12,pork
2000-01-06,12,shampoo
2000-01-06,12,lunch meat
2000-01-06,12,pasta
2000-01-06,12,juice
2000-01-06,12,bagels
2000-01-06,12,vegetables
2000-01-06,12,bagels
2000-01-06,12,vegetables
2000-01-06,12,laundry detergent
2000-01-06,12,yogurt
2000-01-06,12,sugar
2000-01-06,12,waffles
2000-01-06,12,hand soap
2000-01-06,12,hand soap
2000-01-06,12,butter
2000-01-06,12,juice
2000-01-06,12,spaghetti sauce
2000-01-06,12,vegetables
2000-01-06,12,flour
2000-01-07,13,sugar
2000-01-07,13,fruits
2000-01-07,13,all- purpose
2000-01-07,13,aluminum foil
2000-01-07,13,laundry detergent
2000-01-07,13,individual meals
2000-01-07,13,flour
2000-01-07,13,pork
2000-01-07,13,shampoo
2000-01-07,13,sugar
2000-01-07,13,aluminum foil
2000-01-07,13,shampoo
2000-01-07,13,soap
2000-01-07,13,bagels
2000-01-07,13,toilet paper
2000-01-07,13,juice
2000-01-07,13,ice cream
2000-01-07,13,ice cream
2000-01-07,13,sandwich loaves
2000-01-07,13,soap
2000-01-07,13,sugar
2000-01-07,13,paper towels
2000-01-07,13,vegetables
2000-01-07,14,fruits
2000-01-07,14,dinner rolls
2000-01-07,14,individual meals
2000-01-07,14,shampoo
2000-01-07,14,ketchup
2000-01-07,14,cereals
2000-01-07,14,sandwich bags
2000-01-07,14,laundry detergent
2000-01-07,14,vegetables
2000-01-07,14,sandwich loaves
2000-01-07,14,cheeses
2000-01-07,14,vegetables
2000-01-07,15,individual meals
2000-01-07,15,ice cream
2000-01-07,15,cereals
2000-01-07,15,paper towels
2000-01-07,15,bagels
2000-01-07,15,mixes
2000-01-07,15,lunch meat
2000-01-07,15,juice
2000-01-07,15,toilet paper
2000-01-07,15,cheeses
2000-01-07,15,paper towels
2000-01-07,15,paper towels
2000-01-07,15,juice
2000-01-07,15,aluminum foil
2000-01-07,15,fruits
2000-01-07,15,butter
2000-01-07,15,sandwich loaves
2000-01-07,15,tortillas
2000-01-07,15,spaghetti sauce
2000-01-07,15,hand soap
2000-01-08,16,sugar
2000-01-08,16,sandwich bags
2000-01-08,16,flour
2000-01-08,16,juice
2000-01-08,16,milk
2000-01-08,16,paper towels
2000-01-08,16,cereals
2000-01-08,16,sandwich bags
2000-01-08,16,pasta
2000-01-08,16,soda
2000-01-08,16,dishwashing liquid/detergent
2000-01-08,16,ice cream
2000-01-08,16,soap
2000-01-08,16,cheeses
2000-01-08,16,beef
2000-01-08,16,flour
2000-01-08,16,dinner rolls
2000-01-08,17,milk
2000-01-08,17,hand soap
2000-01-08,17,pasta
2000-01-08,17,individual meals
2000-01-08,17,spaghetti sauce
2000-01-08,17,cereals
2000-01-08,17,sandwich loaves
2000-01-08,17,hand soap
2000-01-08,17,individual meals
2000-01-08,18,sandwich bags
2000-01-08,18,toilet paper
2000-01-08,18,bagels
2000-01-08,18,shampoo
2000-01-08,18,coffee/tea
2000-01-09,19,individual meals
2000-01-09,19,laundry detergent
2000-01-09,19,coffee/tea
2000-01-09,19,eggs
2000-01-09,19,aluminum foil
2000-01-09,19,beef
2000-01-09,19,juice
2000-01-09,19,flour
2000-01-09,19,sugar
2000-01-09,19,individual meals
2000-01-09,19,waffles
2000-01-09,19,bagels
2000-01-09,19,vegetables
2000-01-09,19,coffee/tea
2000-01-09,19,spaghetti sauce
2000-01-09,19,butter
2000-01-09,19,beef
2000-01-10,20,shampoo
2000-01-10,20,dishwashing liquid/detergent
2000-01-10,20,yogurt
2000-01-10,20,juice
2000-01-10,20,sugar
2000-01-10,20,soap
2000-01-10,20,sandwich loaves
2000-01-10,20,butter
2000-01-10,20,sandwich loaves
2000-01-10,20,coffee/tea
2000-01-10,20,ketchup
2000-01-10,20,aluminum foil
2000-01-10,20,dishwashing liquid/detergent
2000-01-10,20,mixes
2000-01-10,20,laundry detergent
2000-01-10,20,shampoo
2000-01-10,20,cheeses
2000-01-10,20,tortillas
2000-01-10,20,toilet paper
2000-01-10,20,hand soap
2000-01-10,20,paper towels
2000-01-10,20,beef
2000-01-10,20,individual meals
2000-01-10,20,toilet paper
2000-01-10,20,soda
2000-01-10,20,cheeses
2000-01-10,20,vegetables
2000-01-10,20,aluminum foil
2000-01-10,20,toilet paper
2000-01-10,20,soap
2000-01-10,20,poultry
2000-01-10,20,aluminum foil
2000-01-11,21,waffles
2000-01-11,21,fruits
2000-01-11,21,all- purpose
2000-01-11,21,pork
2000-01-11,21,juice
2000-01-11,21,bagels
2000-01-11,21,mixes
2000-01-11,22,cheeses
2000-01-11,22,vegetables
2000-01-11,22,cereals
2000-01-11,22,sugar
2000-01-11,22,bagels
2000-01-11,22,soda
2000-01-11,23,vegetables
2000-01-11,23,vegetables
2000-01-11,23,aluminum foil
2000-01-11,23,bagels
2000-01-11,23,vegetables
2000-01-11,23,shampoo
2000-01-11,23,shampoo
2000-01-11,23,vegetables
2000-01-11,23,dishwashing liquid/detergent
2000-01-11,23,cereals
2000-01-11,23,cheeses
2000-01-11,23,flour
2000-01-11,23,lunch meat
2000-01-11,23,pasta
2000-01-11,23,soda
2000-01-11,23,vegetables
2000-01-11,23,toilet paper
2000-01-11,23,poultry
2000-01-11,23,coffee/tea
2000-01-11,23,flour
2000-01-11,23,all- purpose
2000-01-11,23,waffles
2000-01-11,23,coffee/tea
2000-01-11,23,milk
2000-01-11,23,yogurt
2000-01-11,23,vegetables
2000-01-11,23,mixes
2000-01-11,23,pasta
2000-01-11,23,dishwashing liquid/detergent
2000-01-11,23,dishwashing liquid/detergent
2000-01-11,23,dishwashing liquid/detergent
2000-01-11,24,fruits
2000-01-11,24,all- purpose
2000-01-11,24,pasta
2000-01-11,24,cheeses
2000-01-11,24,juice
2000-01-11,24,sandwich bags
2000-01-11,24,vegetables
2000-01-11,24,sandwich loaves
2000-01-11,24,coffee/tea
2000-01-11,24,juice
2000-01-11,24,lunch meat
2000-01-11,24,spaghetti sauce
2000-01-11,24,paper towels
2000-01-11,24,hand soap
2000-01-11,24,soap
2000-01-11,24,ice cream
2000-01-11,24,individual meals
2000-01-11,24,ketchup
2000-01-11,24,butter
2000-01-11,24,poultry
2000-01-11,24,cheeses
2000-01-11,24,bagels
2000-01-11,24,all- purpose
2000-01-11,24,ketchup
2000-01-11,24,waffles
2000-01-11,24,soap
2000-01-11,25,bagels
2000-01-11,25,sugar
2000-01-11,25,pork
2000-01-11,25,sandwich loaves
2000-01-11,25,tortillas
2000-01-11,25,ice cream
2000-01-11,25,all- purpose
2000-01-11,25,yogurt
2000-01-11,25,fruits
2000-01-11,25,pasta
2000-01-11,25,lunch meat
2000-01-11,25,dishwashing liquid/detergent
2000-01-11,25,juice
2000-01-11,25,vegetables
2000-01-11,25,vegetables
2000-01-12,26,fruits
2000-01-12,26,sandwich loaves
2000-01-12,26,vegetables
2000-01-12,26,coffee/tea
2000-01-12,26,aluminum foil
2000-01-12,26,vegetables
2000-01-12,26,shampoo
2000-01-12,26,cereals
2000-01-12,26,dinner rolls
2000-01-12,26,coffee/tea
2000-01-12,26,poultry
2000-01-12,26,butter
2000-01-12,26,juice
2000-01-12,26,paper towels
2000-01-12,26,vegetables
2000-01-12,26,beef
2000-01-12,26,mixes
2000-01-12,26,lunch meat
2000-01-12,26,bagels
2000-01-12,26,tortillas
2000-01-12,26,aluminum foil
2000-01-12,26,individual meals
2000-01-12,26,beef
2000-01-12,26,juice
2000-01-12,26,soda
2000-01-12,26,hand soap
2000-01-12,26,dinner rolls
2000-01-12,26,flour
2000-01-12,26,poultry
2000-01-12,26,sandwich loaves
2000-01-12,26,sugar
2000-01-12,26,yogurt
2000-01-13,27,laundry detergent
2000-01-13,27,pork
2000-01-13,27,pasta
2000-01-13,27,cheeses
2000-01-13,27,fruits
2000-01-13,27,sugar
2000-01-13,27,lunch meat
2000-01-13,27,laundry detergent
2000-01-13,27,paper towels
2000-01-13,27,butter
2000-01-13,27,sandwich loaves
2000-01-13,27,ice cream
2000-01-13,27,waffles
2000-01-13,27,all- purpose
2000-01-13,27,sandwich bags
2000-01-13,27,lunch meat
2000-01-13,27,sandwich loaves
2000-01-13,27,poultry
2000-01-13,27,vegetables
2000-01-13,27,shampoo
2000-01-13,27,dinner rolls
2000-01-13,27,milk
2000-01-13,27,soda
2000-01-13,27,mixes
2000-01-13,28,pork
2000-01-13,28,bagels
2000-01-13,28,poultry
2000-01-13,28,pasta
2000-01-13,28,butter
2000-01-13,28,all- purpose
2000-01-13,28,pasta
2000-01-13,28,shampoo
2000-01-13,28,sugar
2000-01-13,28,ketchup
2000-01-13,28,eggs
2000-01-13,28,soda
2000-01-13,28,tortillas
2000-01-13,28,soap
2000-01-13,28,individual meals
2000-01-13,28,ketchup
2000-01-13,28,butter
2000-01-13,28,mixes
2000-01-13,28,juice
2000-01-13,28,lunch meat
2000-01-13,28,cereals
2000-01-13,28,waffles
2000-01-13,28,shampoo
2000-01-13,28,shampoo
2000-01-13,28,toilet paper
2000-01-13,28,poultry
2000-01-13,28,lunch meat
2000-01-13,29,pasta
2000-01-13,29,butter
2000-01-13,29,sandwich loaves
2000-01-13,29,spaghetti sauce
2000-01-13,29,juice
2000-01-13,29,dinner rolls
2000-01-13,29,all- purpose
2000-01-13,29,pork
2000-01-13,29,yogurt
2000-01-13,29,vegetables
2000-01-13,29,spaghetti sauce
2000-01-13,29,vegetables
2000-01-14,30,flour
2000-01-14,30,bagels
2000-01-14,30,cheeses
2000-01-14,30,sandwich loaves
2000-01-14,30,toilet paper
2000-01-15,31,aluminum foil
2000-01-15,31,eggs
2000-01-15,31,ice cream
2000-01-15,31,pasta
2000-01-15,31,juice
2000-01-15,31,waffles
2000-01-15,31,shampoo
2000-01-15,31,dinner rolls
2000-01-15,31,soda
2000-01-15,31,vegetables
2000-01-15,31,laundry detergent
2000-01-15,31,hand soap
2000-01-15,31,waffles
2000-01-15,31,cereals
2000-01-15,31,vegetables
2000-01-15,31,toilet paper
2000-01-15,31,individual meals
2000-01-15,31,yogurt
2000-01-15,31,spaghetti sauce
2000-01-15,31,ice cream
2000-01-15,31,soda
2000-01-15,31,lunch meat
2000-01-15,31,paper towels
2000-01-15,32,soap
2000-01-15,32,paper towels
2000-01-15,32,individual meals
2000-01-15,32,dinner rolls
2000-01-15,32,vegetables
2000-01-15,32,lunch meat
2000-01-15,32,sugar
2000-01-15,32,soap
2000-01-15,32,eggs
2000-01-15,32,beef
2000-01-15,32,yogurt
2000-01-15,32,soda
2000-01-15,32,sandwich loaves
2000-01-15,32,aluminum foil
2000-01-15,32,dinner rolls
2000-01-15,32,soap
2000-01-15,32,cheeses
2000-01-15,32,sandwich loaves
2000-01-15,32,ice cream
2000-01-15,32,ketchup
2000-01-15,33,sandwich loaves
2000-01-15,33,pork
2000-01-15,33,sandwich bags
2000-01-15,33,ketchup
2000-01-15,33,coffee/tea
2000-01-15,33,vegetables
2000-01-15,33,soda
2000-01-15,33,poultry
2000-01-15,33,pasta
2000-01-15,33,all- purpose
2000-01-15,33,coffee/tea
2000-01-15,33,paper towels
2000-01-15,33,individual meals
2000-01-15,33,vegetables
2000-01-15,33,poultry
2000-01-15,33,flour
2000-01-15,33,aluminum foil
2000-01-15,33,soap
2000-01-15,33,yogurt
2000-01-15,33,mixes
2000-01-15,33,soda
2000-01-16,34,lunch meat
2000-01-16,34,mixes
2000-01-16,34,vegetables
2000-01-16,34,soap
2000-01-16,34,hand soap
2000-01-16,34,tortillas
2000-01-16,34,coffee/tea
2000-01-16,34,cheeses
2000-01-16,34,tortillas
2000-01-16,34,cheeses
2000-01-16,34,ice cream
2000-01-16,34,tortillas
2000-01-16,34,beef
2000-01-16,34,yogurt
2000-01-16,34,spaghetti sauce
2000-01-16,34,soda
2000-01-16,34,eggs
2000-01-16,35,aluminum foil
2000-01-16,35,cheeses
2000-01-16,35,cereals
2000-01-16,35,mixes
2000-01-16,35,laundry detergent
2000-01-16,35,juice
2000-01-16,35,pork
2000-01-16,35,bagels
2000-01-16,35,sandwich loaves
2000-01-16,35,yogurt
2000-01-16,35,milk
2000-01-16,35,sandwich loaves
2000-01-16,35,spaghetti sauce
2000-01-16,35,cereals
2000-01-16,35,individual meals
2000-01-16,35,eggs
2000-01-17,36,soap
2000-01-17,36,vegetables
2000-01-17,36,lunch meat
2000-01-17,36,flour
2000-01-17,36,juice
2000-01-17,36,yogurt
2000-01-17,36,shampoo
2000-01-17,36,spaghetti sauce
2000-01-17,36,ketchup
2000-01-17,36,laundry detergent
2000-01-17,36,dinner rolls
2000-01-17,36,ketchup
2000-01-17,36,vegetables
2000-01-17,36,shampoo
2000-01-17,36,sugar
2000-01-17,36,flour
2000-01-17,36,sandwich bags
2000-01-17,36,paper towels
2000-01-17,36,pork
2000-01-17,36,vegetables
2000-01-17,36,butter
2000-01-17,36,dinner rolls
2000-01-17,36,pork
2000-01-17,36,all- purpose
2000-01-17,36,hand soap
2000-01-17,36,sandwich bags
2000-01-17,36,all- purpose
2000-01-17,37,fruits
2000-01-17,37,lunch meat
2000-01-17,37,dinner rolls
2000-01-17,37,shampoo
2000-01-17,37,vegetables
2000-01-17,37,hand soap
2000-01-17,37,mixes
2000-01-17,37,vegetables
2000-01-17,37,pasta
2000-01-17,37,sugar
2000-01-17,37,vegetables
2000-01-17,38,eggs
2000-01-17,38,hand soap
2000-01-17,38,dinner rolls
2000-01-17,38,hand soap
2000-01-17,38,lunch meat
2000-01-17,38,laundry detergent
2000-01-17,38,pasta
2000-01-17,38,aluminum foil
2000-01-17,38,toilet paper
2000-01-17,38,cereals
2000-01-17,38,coffee/tea
2000-01-17,38,toilet paper
2000-01-17,38,vegetables
2000-01-17,38,juice
2000-01-17,38,lunch meat
2000-01-17,38,soda
2000-01-17,38,pork
2000-01-17,38,fruits
2000-01-17,38,spaghetti sauce
2000-01-17,38,laundry detergent
2000-01-17,38,butter
2000-01-17,38,tortillas
2000-01-17,38,individual meals
2000-01-17,38,aluminum foil
2000-01-17,38,toilet paper
2000-01-17,38,poultry
2000-01-17,38,toilet paper
2000-01-17,38,toilet paper
2000-01-18,39,coffee/tea
2000-01-18,39,milk
2000-01-18,39,dinner rolls
2000-01-18,39,beef
2000-01-18,39,coffee/tea
2000-01-18,39,waffles
2000-01-18,39,beef
2000-01-18,39,eggs
2000-01-18,39,sandwich bags
2000-01-18,39,tortillas
2000-01-18,39,vegetables
2000-01-18,39,tortillas
2000-01-18,39,all- purpose
2000-01-18,39,vegetables
2000-01-18,39,yogurt
2000-01-18,39,cheeses
2000-01-18,39,mixes
2000-01-18,39,ketchup
2000-01-18,39,waffles
2000-01-18,39,aluminum foil
2000-01-18,39,hand soap
2000-01-18,39,hand soap
2000-01-18,39,pork
2000-01-18,39,vegetables
2000-01-18,39,butter
2000-01-18,40,hand soap
2000-01-18,40,sandwich bags
2000-01-18,40,poultry
2000-01-18,40,beef
2000-01-18,40,coffee/tea
2000-01-18,40,mixes
2000-01-18,40,poultry
2000-01-18,40,sandwich loaves
2000-01-18,40,shampoo
2000-01-18,40,ice cream
2000-01-18,40,poultry
2000-01-18,40,shampoo
2000-01-18,41,milk
2000-01-18,41,hand soap
2000-01-18,41,fruits
2000-01-18,41,poultry
2000-01-18,41,coffee/tea
2000-01-18,41,sugar
2000-01-18,41,tortillas
2000-01-18,41,soda
2000-01-18,41,individual meals
2000-01-18,41,tortillas
2000-01-18,41,milk
2000-01-18,41,toilet paper
2000-01-18,41,soda
2000-01-18,41,poultry
2000-01-18,41,coffee/tea
2000-01-18,41,spaghetti sauce
2000-01-18,41,cheeses
2000-01-18,41,flour
2000-01-18,41,lunch meat
2000-01-18,42,cereals
2000-01-18,42,shampoo
2000-01-18,42,waffles
2000-01-18,42,bagels
2000-01-18,42,mixes
2000-01-18,42,shampoo
2000-01-18,42,mixes
2000-01-18,42,beef
2000-01-18,42,dinner rolls
2000-01-18,42,beef
2000-01-18,42,shampoo
2000-01-18,42,aluminum foil
2000-01-18,42,individual meals
2000-01-18,42,sugar
2000-01-18,42,spaghetti sauce
2000-01-18,42,juice
2000-01-18,42,tortillas
2000-01-18,42,shampoo
2000-01-18,42,sandwich loaves
2000-01-18,42,sandwich loaves
2000-01-18,42,cheeses
2000-01-18,42,waffles
2000-01-18,42,vegetables
2000-01-18,42,cheeses
2000-01-18,42,individual meals
2000-01-18,42,pasta
2000-01-18,42,paper towels
2000-01-18,42,beef
2000-01-18,42,juice
2000-01-18,42,paper towels
2000-01-18,42,ice cream
2000-01-18,42,aluminum foil
2000-01-19,43,toilet paper
2000-01-19,43,butter
2000-01-19,43,ketchup
2000-01-19,43,shampoo
2000-01-19,43,juice
2000-01-19,43,mixes
2000-01-19,43,milk
2000-01-19,43,shampoo
2000-01-19,43,tortillas
2000-01-19,43,laundry detergent
2000-01-19,43,flour
2000-01-19,43,cereals
2000-01-19,43,soap
2000-01-19,43,toilet paper
2000-01-19,43,butter
2000-01-19,43,coffee/tea
2000-01-19,43,cheeses
2000-01-19,43,soap
2000-01-19,43,soap
2000-01-19,43,butter
2000-01-19,43,sandwich loaves
2000-01-19,43,milk
2000-01-19,43,vegetables
2000-01-19,43,cereals
2000-01-19,43,dinner rolls
2000-01-19,43,poultry
2000-01-19,43,dishwashing liquid/detergent
2000-01-19,44,butter
2000-01-19,44,hand soap
2000-01-19,44,waffles
2000-01-19,44,laundry detergent
2000-01-19,44,shampoo
2000-01-19,44,lunch meat
2000-01-19,44,cheeses
2000-01-19,44,vegetables
2000-01-19,44,hand soap
2000-01-19,44,cereals
2000-01-19,44,vegetables
2000-01-19,44,dishwashing liquid/detergent
2000-01-19,44,soda
2000-01-19,44,spaghetti sauce
2000-01-19,44,aluminum foil
2000-01-19,44,laundry detergent
2000-01-19,44,flour
2000-01-19,44,poultry
2000-01-19,44,juice
2000-01-20,45,butter
2000-01-20,45,cereals
2000-01-20,45,toilet paper
2000-01-20,45,waffles
2000-01-20,45,soda
2000-01-20,45,pork
2000-01-20,45,yogurt
2000-01-20,45,pork
2000-01-20,45,all- purpose
2000-01-20,45,toilet paper
2000-01-20,45,vegetables
2000-01-20,45,spaghetti sauce
2000-01-20,45,toilet paper
2000-01-20,45,vegetables
2000-01-20,45,laundry detergent
2000-01-20,45,coffee/tea
2000-01-20,45,all- purpose
2000-01-20,45,coffee/tea
2000-01-20,45,eggs
2000-01-20,45,pork
2000-01-20,45,eggs
2000-01-20,45,all- purpose
2000-01-20,45,vegetables
2000-01-20,45,soda
2000-01-20,45,beef
2000-01-20,46,hand soap
2000-01-20,46,spaghetti sauce
2000-01-20,46,sandwich bags
2000-01-20,46,ice cream
2000-01-20,46,fruits
2000-01-20,46,soap
2000-01-20,46,cheeses
2000-01-20,46,waffles
2000-01-20,46,tortillas
2000-01-20,46,sugar
2000-01-20,46,toilet paper
2000-01-20,46,ketchup
2000-01-20,46,beef
2000-01-20,46,beef
2000-01-20,46,poultry
2000-01-20,46,milk
2000-01-20,46,dinner rolls
2000-01-20,46,dinner rolls
2000-01-20,46,eggs
2000-01-20,46,soap
2000-01-20,46,paper towels
2000-01-20,46,sandwich bags
2000-01-20,46,soda
2000-01-21,47,soda
2000-01-21,47,waffles
2000-01-21,47,vegetables
2000-01-21,47,beef
2000-01-21,47,fruits
2000-01-21,47,sandwich loaves
2000-01-21,47,ketchup
2000-01-21,47,cheeses
2000-01-21,47,sugar
2000-01-21,47,shampoo
2000-01-21,47,butter
2000-01-21,47,laundry detergent
2000-01-21,47,poultry
2000-01-21,47,waffles
2000-01-21,47,soap
2000-01-21,47,vegetables
2000-01-21,47,butter
2000-01-21,47,lunch meat
2000-01-21,47,aluminum foil
2000-01-21,47,waffles
2000-01-21,47,all- purpose
2000-01-21,47,flour
2000-01-21,47,ice cream
2000-01-21,47,dishwashing liquid/detergent
2000-01-21,47,lunch meat
2000-01-21,47,dishwashing liquid/detergent
2000-01-21,47,paper towels
2000-01-21,47,all- purpose
2000-01-21,47,sugar
2000-01-21,47,shampoo
2000-01-22,48,beef
2000-01-22,48,mixes
2000-01-22,48,individual meals
2000-01-22,48,laundry detergent
2000-01-22,48,coffee/tea
2000-01-22,48,hand soap
2000-01-22,48,pasta
2000-01-22,48,individual meals
2000-01-22,48,cereals
2000-01-22,48,spaghetti sauce
2000-01-22,48,pasta
2000-01-22,48,cereals
2000-01-22,48,fruits
2000-01-22,48,flour
2000-01-22,48,vegetables
2000-01-22,48,soap
2000-01-22,48,individual meals
2000-01-22,48,ketchup
2000-01-23,49,laundry detergent
2000-01-23,49,aluminum foil
2000-01-23,49,sandwich bags
2000-01-23,49,all- purpose
2000-01-23,49,shampoo
2000-01-23,49,beef
2000-01-23,49,sandwich loaves
2000-01-23,49,aluminum foil
2000-01-23,49,ice cream
2000-01-23,49,fruits
2000-01-23,49,lunch meat
2000-01-23,49,all- purpose
2000-01-23,49,bagels
2000-01-23,49,vegetables
2000-01-23,49,sandwich loaves
2000-01-23,49,waffles
2000-01-23,49,pork
2000-01-23,50,vegetables
2000-01-23,50,cereals
2000-01-23,50,beef
2000-01-23,50,flour
2000-01-23,50,sugar
2000-01-23,50,beef
2000-01-23,50,eggs
2000-01-23,50,aluminum foil
2000-01-23,50,vegetables
2000-01-23,50,pork
2000-01-23,50,soda
2000-01-23,50,mixes
2000-01-23,50,vegetables
2000-01-23,50,ketchup
2000-01-23,50,vegetables
2000-01-23,50,vegetables
2000-01-24,51,sandwich bags
2000-01-24,51,sugar
2000-01-24,51,pasta
2000-01-24,51,sandwich loaves
2000-01-24,51,mixes
2000-01-24,51,butter
2000-01-24,51,pasta
2000-01-24,51,aluminum foil
2000-01-24,51,tortillas
2000-01-24,51,paper towels
2000-01-24,51,yogurt
2000-01-24,51,coffee/tea
2000-01-24,51,sandwich bags
2000-01-24,51,soda
2000-01-24,51,poultry
2000-01-24,51,aluminum foil
2000-01-24,51,tortillas
2000-01-24,51,eggs
2000-01-24,51,flour
2000-01-24,51,dishwashing liquid/detergent
2000-01-24,51,sugar
2000-01-24,51,shampoo
2000-01-24,51,vegetables
2000-01-24,51,aluminum foil
2000-01-25,52,hand soap
2000-01-25,52,cereals
2000-01-25,52,mixes
2000-01-25,52,cereals
2000-01-25,52,pork
2000-01-25,52,cheeses
2000-01-25,52,poultry
2000-01-25,52,all- purpose
2000-01-25,52,ketchup
2000-01-25,52,dishwashing liquid/detergent
2000-01-25,52,hand soap
2000-01-25,52,beef
2000-01-25,52,ketchup
2000-01-25,52,mixes
2000-01-25,52,ice cream
2000-01-25,52,sandwich loaves
2000-01-25,52,butter
2000-01-25,52,dinner rolls
2000-01-26,53,flour
2000-01-26,53,flour
2000-01-26,53,butter
2000-01-26,53,vegetables
2000-01-26,53,lunch meat
2000-01-26,53,toilet paper
2000-01-26,53,tortillas
2000-01-26,53,laundry detergent
2000-01-26,53,milk
2000-01-26,53,poultry
2000-01-26,53,laundry detergent
2000-01-26,53,milk
2000-01-26,53,soda
2000-01-26,53,butter
2000-01-26,53,spaghetti sauce
2000-01-26,53,bagels
2000-01-26,53,sugar
2000-01-26,53,fruits
2000-01-26,53,ice cream
2000-01-26,53,laundry detergent
2000-01-26,53,aluminum foil
2000-01-26,53,dinner rolls
2000-01-26,53,milk
2000-01-26,53,laundry detergent
2000-01-27,54,pasta
2000-01-27,54,butter
2000-01-27,54,waffles
2000-01-27,54,aluminum foil
2000-01-27,54,coffee/tea
2000-01-27,54,vegetables
2000-01-27,54,vegetables
2000-01-27,54,mixes
2000-01-27,54,paper towels
2000-01-27,54,juice
2000-01-27,54,tortillas
2000-01-27,54,dinner rolls
2000-01-27,54,eggs
2000-01-27,54,shampoo
2000-01-27,54,waffles
2000-01-27,54,ketchup
2000-01-27,54,shampoo
2000-01-27,54,soda
2000-01-27,54,mixes
2000-01-27,54,sugar
2000-01-27,54,juice
2000-01-27,54,soap
2000-01-27,54,mixes
2000-01-27,54,vegetables
2000-01-27,54,juice
2000-01-28,55,dishwashing liquid/detergent
2000-01-28,55,tortillas
2000-01-28,55,soda
2000-01-28,55,beef
2000-01-28,55,flour
2000-01-28,55,eggs
2000-01-28,55,vegetables
2000-01-28,55,cheeses
2000-01-28,55,lunch meat
2000-01-28,55,coffee/tea
2000-01-28,55,yogurt
2000-01-28,55,dinner rolls
2000-01-28,55,ice cream
2000-01-28,55,pasta
2000-01-28,55,fruits
2000-01-28,55,fruits
2000-01-28,55,paper towels
2000-01-28,55,dishwashing liquid/detergent
2000-01-28,55,soda
2000-01-28,55,pasta
2000-01-28,55,ice cream
2000-01-28,55,poultry
2000-01-29,56,shampoo
2000-01-29,56,poultry
2000-01-29,56,eggs
2000-01-29,56,eggs
2000-01-29,56,ketchup
2000-01-29,56,beef
2000-01-29,56,toilet paper
2000-01-29,56,soda
2000-01-29,56,pork
2000-01-29,56,ice cream
2000-01-29,56,hand soap
2000-01-29,56,shampoo
2000-01-29,56,yogurt
2000-01-29,56,fruits
2000-01-29,56,waffles
2000-01-29,56,dinner rolls
2000-01-29,56,flour
2000-01-29,56,juice
2000-01-29,56,eggs
2000-01-29,56,sugar
2000-01-30,57,shampoo
2000-01-30,57,spaghetti sauce
2000-01-30,57,shampoo
2000-01-30,57,ice cream
2000-01-30,57,waffles
2000-01-30,57,soda
2000-01-30,57,dishwashing liquid/detergent
2000-01-30,57,lunch meat
2000-01-30,57,soap
2000-01-30,57,juice
2000-01-30,57,all- purpose
2000-01-30,57,vegetables
2000-01-30,57,ketchup
2000-01-30,57,individual meals
2000-01-30,57,fruits
2000-01-30,57,spaghetti sauce
2000-01-30,57,vegetables
2000-01-30,57,individual meals
2000-01-30,57,cereals
2000-01-30,57,vegetables
2000-01-30,57,sandwich loaves
2000-01-30,57,mixes
2000-01-30,57,soap
2000-01-30,57,cheeses
2000-01-30,57,flour
2000-01-30,57,all- purpose
2000-01-30,57,laundry detergent
2000-01-30,57,spaghetti sauce
2000-01-30,57,vegetables
2000-01-30,57,soda
2000-01-30,57,pasta
2000-01-30,57,laundry detergent
2000-01-30,57,hand soap
2000-01-30,58,individual meals
2000-01-30,58,all- purpose
2000-01-30,58,dishwashing liquid/detergent
2000-01-30,58,soap
2000-01-30,58,vegetables
2000-01-30,58,milk
2000-01-30,58,shampoo
2000-01-30,58,coffee/tea
2000-01-30,58,spaghetti sauce
2000-01-30,58,aluminum foil
2000-01-30,58,ice cream
2000-01-30,58,pasta
2000-01-30,58,all- purpose
2000-01-30,58,eggs
2000-01-30,58,tortillas
2000-01-30,58,poultry
2000-01-30,58,sandwich bags
2000-01-30,58,coffee/tea
2000-01-30,58,sugar
2000-01-30,58,ice cream
2000-01-30,58,toilet paper
2000-01-30,58,fruits
2000-01-30,58,shampoo
2000-01-30,58,lunch meat
2000-01-30,58,paper towels
2000-01-30,58,bagels
2000-01-30,58,tortillas
2000-01-30,58,poultry
2000-01-30,58,beef
2000-01-30,58,all- purpose
2000-01-30,59,soap
2000-01-30,59,sandwich loaves
2000-01-30,59,laundry detergent
2000-01-30,59,ice cream
2000-01-30,59,spaghetti sauce
2000-01-30,59,milk
2000-01-30,59,vegetables
2000-01-30,59,all- purpose
2000-01-30,59,cereals
2000-01-30,59,hand soap
2000-01-30,59,waffles
2000-01-30,59,cereals
2000-01-30,59,lunch meat
2000-01-30,59,poultry
2000-01-30,59,milk
2000-01-30,59,dinner rolls
2000-01-30,59,lunch meat
2000-01-30,59,sandwich loaves
2000-01-30,59,aluminum foil
2000-01-30,59,sandwich bags
2000-01-30,60,milk
2000-01-30,60,flour
2000-01-30,60,laundry detergent
2000-01-30,60,poultry
2000-01-30,60,milk
2000-01-30,60,cheeses
2000-01-30,60,pork
2000-01-30,60,cereals
2000-01-30,60,aluminum foil
2000-01-31,61,juice
2000-01-31,61,fruits
2000-01-31,61,all- purpose
2000-01-31,61,juice
2000-01-31,61,toilet paper
2000-01-31,62,tortillas
2000-01-31,62,laundry detergent
2000-01-31,62,laundry detergent
2000-01-31,62,spaghetti sauce
2000-01-31,62,beef
2000-01-31,62,cheeses
2000-01-31,62,shampoo
2000-01-31,62,vegetables
2000-01-31,62,waffles
2000-01-31,62,cereals
2000-01-31,62,sandwich bags
2000-01-31,62,pasta
2000-01-31,62,fruits
2000-01-31,62,soap
2000-01-31,62,vegetables
2000-01-31,62,cheeses
2000-01-31,62,vegetables
2000-01-31,62,waffles
2000-01-31,62,waffles
2000-01-31,62,cereals
2000-01-31,62,vegetables
2000-01-31,62,shampoo
2000-01-31,62,sandwich bags
2000-01-31,62,vegetables
2000-01-31,62,hand soap
2000-01-31,62,cheeses
2000-01-31,62,sandwich loaves
2000-01-31,62,hand soap
2000-01-31,62,waffles
2000-01-31,62,soda
2000-01-31,62,ice cream
2000-02-01,63,juice
2000-02-01,63,yogurt
2000-02-01,63,ice cream
2000-02-01,63,ice cream
2000-02-01,63,toilet paper
2000-02-01,63,ice cream
2000-02-01,63,coffee/tea
2000-02-01,63,sandwich bags
2000-02-01,63,soda
2000-02-01,63,ketchup
2000-02-01,63,aluminum foil
2000-02-01,63,all- purpose
2000-02-01,63,pork
2000-02-01,63,eggs
2000-02-01,63,waffles
2000-02-02,64,ketchup
2000-02-02,64,butter
2000-02-02,64,flour
2000-02-02,64,vegetables
2000-02-02,64,bagels
2000-02-02,64,sandwich bags
2000-02-02,64,ice cream
2000-02-02,64,sandwich loaves
2000-02-02,64,flour
2000-02-02,64,individual meals
2000-02-02,64,ice cream
2000-02-02,64,cheeses
2000-02-02,64,milk
2000-02-02,64,sandwich bags
2000-02-02,64,poultry
2000-02-02,64,vegetables
2000-02-02,64,soda
2000-02-02,64,cheeses
2000-02-02,64,vegetables
2000-02-02,64,all- purpose
2000-02-02,64,aluminum foil
2000-02-03,65,cereals
2000-02-03,65,hand soap
2000-02-03,65,shampoo
2000-02-03,65,beef
2000-02-03,65,paper towels
2000-02-03,65,mixes
2000-02-03,65,lunch meat
2000-02-03,65,pasta
2000-02-03,65,shampoo
2000-02-03,65,hand soap
2000-02-03,65,pasta
2000-02-03,65,milk
2000-02-03,65,toilet paper
2000-02-03,65,butter
2000-02-03,65,eggs
2000-02-03,66,individual meals
2000-02-03,66,hand soap
2000-02-03,66,fruits
2000-02-03,66,sandwich loaves
2000-02-03,66,lunch meat
2000-02-03,66,vegetables
2000-02-03,66,individual meals
2000-02-03,66,individual meals
2000-02-03,66,sugar
2000-02-03,66,fruits
2000-02-03,66,cereals
2000-02-03,66,ketchup
2000-02-03,66,laundry detergent
2000-02-03,66,cheeses
2000-02-03,66,cheeses
2000-02-03,66,poultry
2000-02-03,66,hand soap
2000-02-03,66,sandwich loaves
2000-02-03,66,cheeses
2000-02-03,66,mixes
2000-02-03,66,mixes
2000-02-03,66,beef
2000-02-03,66,hand soap
2000-02-03,66,shampoo
2000-02-03,66,beef
2000-02-03,67,flour
2000-02-03,67,cereals
2000-02-03,67,yogurt
2000-02-03,67,mixes
2000-02-03,67,sandwich loaves
2000-02-03,67,hand soap
2000-02-03,67,sugar
2000-02-03,67,mixes
2000-02-03,67,shampoo
2000-02-03,67,all- purpose
2000-02-03,67,pasta
2000-02-03,67,cheeses
2000-02-03,67,flour
2000-02-03,67,poultry
2000-02-03,67,poultry
2000-02-03,67,dishwashing liquid/detergent
2000-02-03,67,all- purpose
2000-02-03,67,cheeses
2000-02-03,67,coffee/tea
2000-02-03,67,individual meals
2000-02-03,67,spaghetti sauce
2000-02-03,67,paper towels
2000-02-03,67,dinner rolls
2000-02-03,67,bagels
2000-02-03,67,hand soap
2000-02-03,67,hand soap
2000-02-03,67,dinner rolls
2000-02-03,68,paper towels
2000-02-03,68,lunch meat
2000-02-03,68,sandwich bags
2000-02-03,68,yogurt
2000-02-03,68,ice cream
2000-02-03,68,ice cream
2000-02-03,68,individual meals
2000-02-03,68,sugar
2000-02-03,68,dishwashing liquid/detergent
2000-02-03,68,flour
2000-02-03,68,vegetables
2000-02-03,68,paper towels
2000-02-03,68,fruits
2000-02-03,68,cheeses
2000-02-03,68,vegetables
2000-02-03,68,juice
2000-02-03,68,bagels
2000-02-03,68,cereals
2000-02-03,68,all- purpose
2000-02-03,68,waffles
2000-02-03,68,eggs
2000-02-03,68,eggs
2000-02-03,68,dishwashing liquid/detergent
2000-02-03,68,vegetables
2000-02-03,68,eggs
2000-02-03,68,eggs
2000-02-03,68,shampoo
2000-02-03,68,sandwich bags
2000-02-03,68,sandwich loaves
2000-02-03,68,flour
2000-02-03,68,sandwich bags
2000-02-03,68,vegetables
2000-02-04,69,juice
2000-02-04,69,milk
2000-02-04,69,yogurt
2000-02-04,69,sugar
2000-02-04,69,laundry detergent
2000-02-04,69,vegetables
2000-02-04,69,dishwashing liquid/detergent
2000-02-04,69,cereals
2000-02-04,70,pork
2000-02-04,70,soda
2000-02-04,70,ketchup
2000-02-04,70,poultry
2000-02-04,70,vegetables
2000-02-04,71,tortillas
2000-02-04,71,toilet paper
2000-02-04,71,all- purpose
2000-02-04,71,vegetables
2000-02-04,71,juice
2000-02-04,71,bagels
2000-02-04,71,cheeses
2000-02-04,71,fruits
2000-02-04,71,vegetables
2000-02-04,71,toilet paper
2000-02-04,71,shampoo
2000-02-04,71,eggs
2000-02-04,71,butter
2000-02-04,71,shampoo
2000-02-04,71,butter
2000-02-04,71,fruits
2000-02-04,71,sugar
2000-02-04,71,pasta
2000-02-04,72,beef
2000-02-04,72,pasta
2000-02-04,72,sugar
2000-02-04,72,ketchup
2000-02-04,72,waffles
2000-02-04,72,all- purpose
2000-02-04,72,vegetables
2000-02-04,72,fruits
2000-02-04,72,sandwich bags
2000-02-04,72,sandwich bags
2000-02-04,72,hand soap
2000-02-04,72,dishwashing liquid/detergent
2000-02-04,72,butter
2000-02-05,73,vegetables
2000-02-05,73,ketchup
2000-02-05,73,milk
2000-02-05,73,cereals
2000-02-05,73,dishwashing liquid/detergent
2000-02-05,73,butter
2000-02-05,73,ice cream
2000-02-05,73,laundry detergent
2000-02-05,73,butter
2000-02-05,73,aluminum foil
2000-02-05,73,cereals
2000-02-05,73,vegetables
2000-02-05,73,spaghetti sauce
2000-02-05,73,hand soap
2000-02-05,73,mixes
2000-02-05,73,ketchup
2000-02-05,73,coffee/tea
2000-02-05,73,bagels
2000-02-05,73,toilet paper
2000-02-05,73,juice
2000-02-05,73,mixes
2000-02-05,73,pork
2000-02-06,74,sandwich bags
2000-02-06,74,vegetables
2000-02-06,74,vegetables
2000-02-06,74,ketchup
2000-02-06,74,yogurt
2000-02-06,74,cheeses
2000-02-06,74,juice
2000-02-06,74,all- purpose
2000-02-06,74,mixes
2000-02-06,74,ketchup
2000-02-06,74,mixes
2000-02-06,74,shampoo
2000-02-06,74,milk
2000-02-06,74,fruits
2000-02-06,74,vegetables
2000-02-06,74,pork
2000-02-06,74,coffee/tea
2000-02-06,74,beef
2000-02-06,74,bagels
2000-02-06,74,sandwich loaves
2000-02-06,74,juice
2000-02-06,74,cheeses
2000-02-06,74,dinner rolls
2000-02-06,74,vegetables
2000-02-06,74,poultry
2000-02-06,74,aluminum foil
2000-02-06,74,milk
2000-02-06,74,vegetables
2000-02-06,74,ice cream
2000-02-06,74,poultry
2000-02-06,74,aluminum foil
2000-02-06,75,juice
2000-02-06,75,individual meals
2000-02-06,75,coffee/tea
2000-02-06,75,lunch meat
2000-02-06,75,butter
2000-02-06,75,paper towels
2000-02-06,75,pasta
2000-02-07,76,bagels
2000-02-07,76,laundry detergent
2000-02-07,76,yogurt
2000-02-07,76,toilet paper
2000-02-07,76,tortillas
2000-02-07,76,dinner rolls
2000-02-07,76,tortillas
2000-02-07,76,tortillas
2000-02-07,76,soap
2000-02-07,76,fruits
2000-02-07,76,sandwich bags
2000-02-07,76,vegetables
2000-02-07,76,dishwashing liquid/detergent
2000-02-07,76,milk
2000-02-07,76,ketchup
2000-02-07,76,soap
2000-02-07,76,tortillas
2000-02-07,76,spaghetti sauce
2000-02-07,76,paper towels
2000-02-07,76,coffee/tea
2000-02-07,76,dinner rolls
2000-02-07,76,eggs
2000-02-07,76,toilet paper
2000-02-07,76,waffles
2000-02-07,76,beef
2000-02-07,76,bagels
2000-02-07,77,hand soap
2000-02-07,77,dishwashing liquid/detergent
2000-02-07,77,ketchup
2000-02-07,77,dishwashing liquid/detergent
2000-02-07,77,sugar
2000-02-07,77,mixes
2000-02-07,77,all- purpose
2000-02-07,77,fruits
2000-02-07,77,cereals
2000-02-07,77,ice cream
2000-02-07,77,lunch meat
2000-02-07,77,sugar
2000-02-08,78,fruits
2000-02-08,78,dishwashing liquid/detergent
2000-02-08,78,fruits
2000-02-08,78,mixes
2000-02-08,78,bagels
2000-02-08,78,beef
2000-02-08,78,ice cream
2000-02-08,78,individual meals
2000-02-08,78,bagels
2000-02-08,78,butter
2000-02-09,79,juice
2000-02-09,79,toilet paper
2000-02-09,79,butter
2000-02-09,79,lunch meat
2000-02-09,79,individual meals
2000-02-09,79,toilet paper
2000-02-09,79,butter
2000-02-09,79,poultry
2000-02-09,79,cheeses
2000-02-09,79,laundry detergent
2000-02-09,79,spaghetti sauce
2000-02-09,79,waffles
2000-02-09,79,sandwich loaves
2000-02-09,80,dishwashing liquid/detergent
2000-02-09,80,all- purpose
2000-02-09,80,paper towels
2000-02-09,80,ketchup
2000-02-09,80,beef
2000-02-09,80,soap
2000-02-09,80,pork
2000-02-09,80,waffles
2000-02-09,80,lunch meat
2000-02-09,80,cheeses
2000-02-09,80,shampoo
2000-02-09,80,spaghetti sauce
2000-02-09,80,pork
2000-02-09,80,poultry
2000-02-09,80,all- purpose
2000-02-09,80,poultry
2000-02-09,80,vegetables
2000-02-09,80,fruits
2000-02-09,80,vegetables
2000-02-09,80,dinner rolls
2000-02-09,80,pasta
2000-02-09,80,lunch meat
2000-02-09,80,sandwich bags
2000-02-09,80,sandwich loaves
2000-02-09,80,fruits
2000-02-09,80,butter
2000-02-09,80,individual meals
2000-02-10,81,paper towels
2000-02-10,81,vegetables
2000-02-10,81,ketchup
2000-02-10,81,soda
2000-02-10,81,fruits
2000-02-10,81,aluminum foil
2000-02-10,81,yogurt
2000-02-10,81,bagels
2000-02-10,81,yogurt
2000-02-10,81,milk
2000-02-10,81,eggs
2000-02-10,81,dishwashing liquid/detergent
2000-02-11,82,pork
2000-02-11,82,soda
2000-02-11,82,bagels
2000-02-11,82,milk
2000-02-11,82,fruits
2000-02-11,82,pasta
2000-02-11,82,spaghetti sauce
2000-02-11,82,soap
2000-02-11,82,cheeses
2000-02-11,82,spaghetti sauce
2000-02-11,82,juice
2000-02-11,82,fruits
2000-02-11,82,beef
2000-02-11,82,toilet paper
2000-02-11,82,dishwashing liquid/detergent
2000-02-11,82,flour
2000-02-11,82,sandwich loaves
2000-02-11,82,tortillas
2000-02-11,82,mixes
2000-02-11,82,waffles
2000-02-11,82,toilet paper
2000-02-11,82,ketchup
2000-02-11,82,sandwich bags
2000-02-11,83,cereals
2000-02-11,83,all- purpose
2000-02-11,83,vegetables
2000-02-11,83,individual meals
2000-02-11,83,vegetables
2000-02-11,83,toilet paper
2000-02-11,83,pork
2000-02-11,83,sandwich bags
2000-02-11,83,paper towels
2000-02-11,83,toilet paper
2000-02-11,83,shampoo
2000-02-11,83,coffee/tea
2000-02-11,83,shampoo
2000-02-11,83,juice
2000-02-11,83,waffles
2000-02-11,83,beef
2000-02-12,84,flour
2000-02-12,84,soap
2000-02-12,84,cheeses
2000-02-12,84,sandwich loaves
2000-02-12,84,aluminum foil
2000-02-12,84,bagels
2000-02-12,84,tortillas
2000-02-12,84,individual meals
2000-02-12,84,hand soap
2000-02-12,84,butter
2000-02-13,85,dishwashing liquid/detergent
2000-02-13,85,aluminum foil
2000-02-13,85,pork
2000-02-13,85,fruits
2000-02-13,85,sandwich bags
2000-02-13,85,poultry
2000-02-13,85,coffee/tea
2000-02-13,85,bagels
2000-02-13,85,hand soap
2000-02-13,85,vegetables
2000-02-13,85,mixes
2000-02-13,85,ketchup
2000-02-13,85,waffles
2000-02-13,85,paper towels
2000-02-13,85,tortillas
2000-02-13,85,waffles
2000-02-13,85,tortillas
2000-02-13,85,beef
2000-02-13,85,ketchup
2000-02-13,85,toilet paper
2000-02-13,85,eggs
2000-02-14,86,yogurt
2000-02-14,86,ketchup
2000-02-14,86,all- purpose
2000-02-14,86,beef
2000-02-14,86,shampoo
2000-02-14,86,sandwich loaves
2000-02-14,86,coffee/tea
2000-02-14,86,ketchup
2000-02-14,86,vegetables
2000-02-14,86,milk
2000-02-14,86,butter
2000-02-14,86,vegetables
2000-02-14,86,pork
2000-02-14,86,yogurt
2000-02-14,86,vegetables
2000-02-14,86,ice cream
2000-02-14,86,pasta
2000-02-15,87,milk
2000-02-15,87,individual meals
2000-02-15,87,shampoo
2000-02-15,87,beef
2000-02-15,87,sandwich bags
2000-02-15,87,eggs
2000-02-15,87,vegetables
2000-02-15,87,shampoo
2000-02-15,87,sandwich loaves
2000-02-15,87,ketchup
2000-02-15,87,poultry
2000-02-15,87,dishwashing liquid/detergent
2000-02-15,87,beef
2000-02-15,87,lunch meat
2000-02-15,87,cereals
2000-02-15,87,individual meals
2000-02-15,87,spaghetti sauce
2000-02-15,87,shampoo
2000-02-15,87,sandwich loaves
2000-02-15,87,tortillas
2000-02-16,88,poultry
2000-02-16,88,individual meals
2000-02-16,88,sugar
2000-02-16,88,spaghetti sauce
2000-02-16,88,pasta
2000-02-16,88,vegetables
2000-02-16,88,cheeses
2000-02-16,88,cheeses
2000-02-16,88,fruits
2000-02-16,88,fruits
2000-02-16,88,lunch meat
2000-02-16,88,vegetables
2000-02-16,88,fruits
2000-02-16,88,spaghetti sauce
2000-02-16,88,individual meals
2000-02-16,88,beef
2000-02-16,88,coffee/tea
2000-02-16,88,cereals
2000-02-16,88,beef
2000-02-16,88,dishwashing liquid/detergent
2000-02-16,88,hand soap
2000-02-16,88,tortillas
2000-02-17,89,paper towels
2000-02-17,89,beef
2000-02-17,89,aluminum foil
2000-02-17,89,dishwashing liquid/detergent
2000-02-17,89,eggs
2000-02-17,89,juice
2000-02-17,89,laundry detergent
2000-02-17,89,beef
2000-02-17,89,soda
2000-02-17,89,laundry detergent
2000-02-17,89,aluminum foil
2000-02-17,89,soap
2000-02-17,90,pasta
2000-02-17,90,paper towels
2000-02-17,90,individual meals
2000-02-17,90,individual meals
2000-02-17,90,aluminum foil
2000-02-17,90,beef
2000-02-17,91,lunch meat
2000-02-17,91,cereals
2000-02-17,91,sugar
2000-02-17,91,tortillas
2000-02-17,91,coffee/tea
2000-02-17,91,sandwich loaves
2000-02-17,91,dishwashing liquid/detergent
2000-02-17,91,dishwashing liquid/detergent
2000-02-17,91,dinner rolls
2000-02-17,91,vegetables
2000-02-17,91,mixes
2000-02-17,91,all- purpose
2000-02-17,91,ice cream
2000-02-18,92,coffee/tea
2000-02-18,92,bagels
2000-02-18,92,shampoo
2000-02-18,92,sandwich bags
2000-02-18,92,soap
2000-02-18,92,ice cream
2000-02-18,92,juice
2000-02-18,92,shampoo
2000-02-18,92,spaghetti sauce
2000-02-18,92,vegetables
2000-02-18,92,yogurt
2000-02-18,92,ketchup
2000-02-18,93,toilet paper
2000-02-18,93,bagels
2000-02-18,93,soda
2000-02-18,93,vegetables
2000-02-18,93,shampoo
2000-02-18,93,vegetables
2000-02-18,93,poultry
2000-02-18,93,eggs
2000-02-18,93,waffles
2000-02-18,93,lunch meat
2000-02-18,93,dinner rolls
2000-02-18,93,beef
2000-02-18,93,butter
2000-02-19,94,dishwashing liquid/detergent
2000-02-19,94,tortillas
2000-02-19,94,waffles
2000-02-19,94,vegetables
2000-02-19,94,pork
2000-02-19,94,beef
2000-02-19,94,mixes
2000-02-19,94,vegetables
2000-02-19,94,poultry
2000-02-19,94,soap
2000-02-19,94,toilet paper
2000-02-19,94,waffles
2000-02-19,94,vegetables
2000-02-19,94,ketchup
2000-02-19,94,poultry
2000-02-19,94,sandwich bags
2000-02-19,94,individual meals
2000-02-19,94,sugar
2000-02-19,94,spaghetti sauce
2000-02-19,94,butter
2000-02-19,94,beef
2000-02-19,94,flour
2000-02-19,94,flour
2000-02-19,94,sugar
2000-02-19,94,vegetables
2000-02-19,94,sugar
2000-02-19,94,sandwich bags
2000-02-19,94,individual meals
2000-02-19,94,paper towels
2000-02-19,94,sugar
2000-02-19,94,tortillas
2000-02-19,94,ice cream
2000-02-19,94,soda
2000-02-19,95,dinner rolls
2000-02-19,95,ketchup
2000-02-19,95,laundry detergent
2000-02-19,95,pork
2000-02-19,95,cheeses
2000-02-19,95,shampoo
2000-02-19,95,juice
2000-02-19,95,yogurt
2000-02-19,95,juice
2000-02-19,95,eggs
2000-02-19,95,coffee/tea
2000-02-19,95,sandwich bags
2000-02-19,95,flour
2000-02-19,95,vegetables
2000-02-19,95,beef
2000-02-19,95,poultry
2000-02-19,95,hand soap
2000-02-19,95,pork
2000-02-19,95,mixes
2000-02-19,95,tortillas
2000-02-19,95,lunch meat
2000-02-19,95,dinner rolls
2000-02-19,95,individual meals
2000-02-19,95,soap
2000-02-19,95,pasta
2000-02-19,95,milk
2000-02-19,95,sugar
2000-02-19,95,all- purpose
2000-02-19,96,milk
2000-02-19,96,soap
2000-02-19,96,pork
2000-02-19,96,tortillas
2000-02-19,96,soap
2000-02-20,97,hand soap
2000-02-20,97,fruits
2000-02-20,97,paper towels
2000-02-20,97,sugar
2000-02-20,97,individual meals
2000-02-20,97,hand soap
2000-02-20,97,milk
2000-02-20,97,soda
2000-02-21,98,fruits
2000-02-21,98,coffee/tea
2000-02-21,98,pork
2000-02-21,98,aluminum foil
2000-02-21,98,cheeses
2000-02-21,98,soda
2000-02-21,98,soda
2000-02-21,98,bagels
2000-02-21,98,vegetables
2000-02-22,99,dinner rolls
2000-02-22,99,laundry detergent
2000-02-22,99,juice
2000-02-22,99,ketchup
2000-02-22,99,cheeses
2000-02-22,99,aluminum foil
2000-02-22,99,waffles
2000-02-22,99,pasta
2000-02-22,99,vegetables
2000-02-22,99,yogurt
2000-02-22,99,eggs
2000-02-22,99,aluminum foil
2000-02-22,99,tortillas
2000-02-22,99,toilet paper
2000-02-22,99,paper towels
2000-02-22,99,sandwich bags
2000-02-22,99,aluminum foil
2000-02-22,99,all- purpose
2000-02-22,99,ice cream
2000-02-22,99,dishwashing liquid/detergent
2000-02-22,99,cheeses
2000-02-22,99,vegetables
2000-02-22,99,bagels
2000-02-22,100,paper towels
2000-02-22,100,eggs
2000-02-22,100,tortillas
2000-02-22,100,vegetables
2000-02-22,100,soda
2000-02-22,100,vegetables
2000-02-22,100,cereals
2000-02-22,100,vegetables
2000-02-22,100,mixes
2000-02-22,100,toilet paper
2000-02-22,100,bagels
2000-02-22,100,dinner rolls